path,size_bytes,sha256
data/MovieLens/hetero5_data_raw_sub1/movielens-1m-train.csv,7544072,89ad88efb54cd5a983b39a99c4502dd2d04438c0db6f20ebe143454db66ddf9e
data/MovieLens/hetero5_data_raw_sub1/movielens-1m-test.csv,837788,115682c714946cc6b504d9d13d51dc6a85f13628549634c052b07b3ce9f63578
data/MovieLens/hetero5_data_raw_sub1/movies.dat,154774,16b80c0c34d8d7692e8f60e9b74f6219a760bb73994b72c180213e1edf812f7e
data/MovieLens/hetero5_data_raw_sub1/users.dat,53088,96107bb37b4dfd96881a7a107cec261a1ed58b99aadbb47184cd44b935b6e2ac
data/MovieLens/hetero5_data_raw_sub1/rating_matrix.csv,210986256,b0b1349590d3f67fc7395a800ba485699ffcd335b5b801a352e18b4ba4229b87
data/MovieLens/hetero5_data_processed_sub1/distance_mat.pickle,97496812,878caac6f6d1a5b8b9d0f682bc1df61be8beb09d17df088c09c02d12b69a8e0a
data/MovieLens/hetero5_data_processed_sub1/feature_domination.pickle,652,0dcb4374b592808a12e2f8f20e932b3205790438724eed0a8c7710e181ba1735
data/MovieLens/hetero5_data_processed_sub1/item_popularity_add1.pickle,28088,ba0f696a500d0321532c4cebb41e0bf32b6b678f32ce0cee616d983775312c9e
data/MovieLens/hetero5_data_processed_sub1/item_similarity_add1.pickle,97552676,ab30bbc0658bc5250df51e9539f6092a9fe7921e7777d87c2f01ecb5733d4b19
data/MovieLens/hetero5_data_raw_sub2/movielens-1m-train.csv,7647012,e81efe704ae3521d1f2de8b301b4476d96eee085510f8ec00749a338de9c0b9e
data/MovieLens/hetero5_data_raw_sub2/movielens-1m-test.csv,849520,bf6f1221d648ceb423874873387edb0a4402d7b414b5db07c3f0481d4e02f8a4
data/MovieLens/hetero5_data_raw_sub2/movies.dat,154774,16b80c0c34d8d7692e8f60e9b74f6219a760bb73994b72c180213e1edf812f7e
data/MovieLens/hetero5_data_raw_sub2/users.dat,53072,cb2e5789b4d515d196ea278c60e1aed6f9f54febe59089165132d41f7b0de032
data/MovieLens/hetero5_data_raw_sub2/rating_matrix.csv,210957927,0c9856f72c8542a95da5818d6f14d31cdc7a6c99998c0e6d965ffd2ee991c282
data/MovieLens/hetero5_data_processed_sub2/distance_mat.pickle,97496812,967f8b00b83caacc61f7b64320405a4027c3eea01a73e9379e85c4988581960e
data/MovieLens/hetero5_data_processed_sub2/feature_domination.pickle,652,2b90624bf68a9d9e0d560f809171b453e2173310ffd0303e404351c750b60545
data/MovieLens/hetero5_data_processed_sub2/item_popularity_add1.pickle,28088,b206edf96640be926245e33728f1db8dbeee58d8f8d398fb436557f8d500ca44
data/MovieLens/hetero5_data_processed_sub2/item_similarity_add1.pickle,97552676,e45448ff36e5f50d137114c16614d0b73624a78d70b2d96341fb4b004087d97d
data/MovieLens/hetero5_data_raw_sub3/movielens-1m-train.csv,7616357,af54aeb37b50765e3fa75a39858d5f754c1777a081f87c1b469c957b5c482f34
data/MovieLens/hetero5_data_raw_sub3/movielens-1m-test.csv,846129,b301175b1a753317edfbac7f951bfc3a3075d667c428cc43decb07c8b6c54b7f
data/MovieLens/hetero5_data_raw_sub3/movies.dat,154774,16b80c0c34d8d7692e8f60e9b74f6219a760bb73994b72c180213e1edf812f7e
data/MovieLens/hetero5_data_raw_sub3/users.dat,53074,64abe2f1db9d6392e8abebbecbc2169ba3f9cc81cb2afbb397fe0ac2e829a60e
data/MovieLens/hetero5_data_raw_sub3/rating_matrix.csv,210958725,a220ac890b7dbdcfec26b5439b89fc886f4b96cb7adf86c40872901bc09a145c
data/MovieLens/hetero5_data_processed_sub3/distance_mat.pickle,97496812,9391af322f8ad86526d225a379d533068ce69e6e6adfa4f1a08a8bfd6eadf080
data/MovieLens/hetero5_data_processed_sub3/feature_domination.pickle,652,38316077a2f77188907eeb8fd0037426529b87dffbafb0284c852da6f2301f88
data/MovieLens/hetero5_data_processed_sub3/item_popularity_add1.pickle,28088,86e2bd9672aeb58f9770f334431c01d052ade2a609cedf551f4458cc12ef9083
data/MovieLens/hetero5_data_processed_sub3/item_similarity_add1.pickle,97552676,046dd5575629a4f1238fbcf44f99687f45a3fe6eb48be6ed1aa6f997d503c23d
saved_models/MovieLensEnv-v0/DeepFM/params/[hetero5_pointnegA]_params.pickle,1165,41c5ce0ba376957b0e7f9a99b842f48410dce6481089aa84f0712bc273be485c
saved_models/MovieLensEnv-v0/DeepFM/matsPre/[hetero5_pointnegA]_matPre.pickle,67474212,a111ddfeb496ded2c581aaccf38d0346561ee1d34dbaa2586e284bf0b46cdee3
saved_models/MovieLensEnv-v0/DeepFM/models/[hetero5_pointnegA]_model_M0.pt,361251,412cf2f7235a9ee9e81ed93e40ac8ce694e24ad4522cafaaa7367a583e3ea7aa
saved_models/MovieLensEnv-v0/DeepFM/models/[hetero5_pointnegA]_model_M1.pt,361251,8e3ab8c4887555076cf9ab991adf8e10e2a99a48227b7fdd7e8afee7614eb374
saved_models/MovieLensEnv-v0/DeepFM/models/[hetero5_pointnegA]_model_M2.pt,361251,17e78725033f4e36d8894db795755babb346c7b11139729e11848573cd8c93bf
saved_models/MovieLensEnv-v0/DeepFM/models/[hetero5_pointnegA]_model_M3.pt,361251,1f54f7dbc806d924de47d8f5f57b017d2e775c7585a10d068f5d2ca0e709042e
saved_models/MovieLensEnv-v0/DeepFM/models/[hetero5_pointnegA]_model_M4.pt,361251,910437cb5734d90dbe786d81daafd5ff740e3f7f77d9a48e78749ac3106fdca7
saved_models/MovieLensEnv-v0/DeepFM/embeddings/[hetero5_pointnegA]_emb_user_val_M0.pt,311149,ba3dc032927e905c89893b19be88c7f7cf7d4dd34b6da6215d15ace979997a46
saved_models/MovieLensEnv-v0/DeepFM/embeddings/[hetero5_pointnegA]_emb_item_val_M0.pt,783853,65aa4d85d7ac1b75b5143c5bb0f9ec2046eb5e7d0e71ba6f589904c793d1fd73
saved_models/MovieLensEnv-v0/DeepFM/params/[hetero5_pointnegB]_params.pickle,1165,41c5ce0ba376957b0e7f9a99b842f48410dce6481089aa84f0712bc273be485c
saved_models/MovieLensEnv-v0/DeepFM/matsPre/[hetero5_pointnegB]_matPre.pickle,67474212,3ba4fda44ab03af575d99a8365cd755de10ef984604d796716e8d3f3acc05e69
saved_models/MovieLensEnv-v0/DeepFM/models/[hetero5_pointnegB]_model_M0.pt,361251,e8808561c506937342b7b957be90073e33e660dd0fce7ed1ed98c9c1438b7ef4
saved_models/MovieLensEnv-v0/DeepFM/models/[hetero5_pointnegB]_model_M1.pt,361251,75638f661f27c1ed2d3041566277c3d38926c7244b5c007e52227191088ed677
saved_models/MovieLensEnv-v0/DeepFM/models/[hetero5_pointnegB]_model_M2.pt,361251,79fe0b3dd9a4a36f0d3cccc61da19f269ca99d6ab867a4affed60c0c98200e43
saved_models/MovieLensEnv-v0/DeepFM/models/[hetero5_pointnegB]_model_M3.pt,361251,29d94ce8c3a761feb125b9a719096d8b64c1cae6557c9fe3d2f42d12e82571a7
saved_models/MovieLensEnv-v0/DeepFM/models/[hetero5_pointnegB]_model_M4.pt,361251,9bb44046b6ae734d8b498f40bba121ffcfc76f0ae391c13f0a7f0a5f97e4c8b6
saved_models/MovieLensEnv-v0/DeepFM/embeddings/[hetero5_pointnegB]_emb_user_val_M0.pt,311149,d485c6fb24258aaa3d4002aebd54d566bb73404879599a23f3a7f8ca9f9d4c49
saved_models/MovieLensEnv-v0/DeepFM/embeddings/[hetero5_pointnegB]_emb_item_val_M0.pt,783853,06f029456c56d2ad11ef8d72394b0bdaf30da82c4ae3a660deb3808e43fafb61
saved_models/MovieLensEnv-v0/DeepFM/params/[hetero5_pointnegC]_params.pickle,1165,41c5ce0ba376957b0e7f9a99b842f48410dce6481089aa84f0712bc273be485c
saved_models/MovieLensEnv-v0/DeepFM/matsPre/[hetero5_pointnegC]_matPre.pickle,67474212,2adca82ae9e7fe5b23ca1ae9eb600c92260ef7f970d51b66e56e76bd0bc4aabf
saved_models/MovieLensEnv-v0/DeepFM/models/[hetero5_pointnegC]_model_M0.pt,361251,ae71ec4c8be406175aa8fdf7e154ee919449f46e83503e8748d22435ff789eee
saved_models/MovieLensEnv-v0/DeepFM/models/[hetero5_pointnegC]_model_M1.pt,361251,f98aeeddb779d39943dc5b26952f824ff92cad05d2b3cea003155805498311bf
saved_models/MovieLensEnv-v0/DeepFM/models/[hetero5_pointnegC]_model_M2.pt,361251,292d717980da8ac483bdabfb242a697f5008f342940cd0bf4dd3bfd47c5e4653
saved_models/MovieLensEnv-v0/DeepFM/models/[hetero5_pointnegC]_model_M3.pt,361251,d026f149c04503d44ba2b14213c1e0283e382fa2b34a011dc629491efa45174e
saved_models/MovieLensEnv-v0/DeepFM/models/[hetero5_pointnegC]_model_M4.pt,361251,edbf66a6b554fd9010bd0072da5545689eef34872d4bc12aec17b21d60b26d19
saved_models/MovieLensEnv-v0/DeepFM/embeddings/[hetero5_pointnegC]_emb_user_val_M0.pt,311149,f47b33cad7730b34f41c2a19efe58c6f9e26e9370bbd610648a94e7a53c69101
saved_models/MovieLensEnv-v0/DeepFM/embeddings/[hetero5_pointnegC]_emb_item_val_M0.pt,783853,2bef56cd9bad78e82c6b5b2988d6a63c65a0b731a43a0d62e3b4b7a146214f5c
