release_path,source_path,source_sha256,release_sha256,copy_status
examples/policy/homo_run_FedAvgPPO_seed.py,examples/policy/homo_run_FedAvgPPO_seed.py,withheld,69b83715b8a0e376ebd8092ac6cbf5db157800d61a55819b89789136ea6d2578,modified_for_release
examples/policy/homo_run_FedBridgePPO_seed.py,examples/policy/homo_run_FedProxyPPO_seed.py,withheld,6479df0264b9eab382cb509d3f323983aa87c33ece66ccdc62cf7d32ba93044a,renamed_for_bridge_release
examples/policy/homo_run_FedPPO_push_avg_seed.py,examples/policy/homo_run_FedPPO_pushpull_seed.py,withheld,eb779a5af551364129eec58fd0523aeb562ef9f3459c3a8d3138ba193d3f05a6,renamed_for_bridge_release
examples/policy/homo_run_PerFedDC_seed.py,examples/policy/homo_run_PerFedDC_seed.py,withheld,60e767afa8d86004ce83bb34662e09b423b9f643e865c854ff6dbc70212748c4,modified_for_release
examples/policy/homo_run_pFedMe_seed.py,examples/policy/homo_run_pFedMe_seed.py,withheld,d6dd6a1c13bdaba97f9e466c2198b0650a69f862d383905fc92bdc95be89111e,modified_for_release
examples/policy/policy_utils.py,examples/policy/policy_utils.py,withheld,2e3df87e3f8de79dfda0388a7493cc6f35e3a6891b0cf16afc81f5a308832a69,modified_for_release
examples/policy/run_FedAvgPPO_seed.py,examples/policy/run_FedAvgPPO_seed.py,withheld,d02cc0f83857ebb77c35d3b63a1e3eaf5a0fe96c29e1c8a916b3790622d198dc,modified_for_release
examples/policy/run_FedBridgePPO_hetero5_seed.py,examples/policy/run_FedProxyPPO_hetero5_seed.py,withheld,1aa80b156d1f784ea3a8f29ab728c4115f04953c868b4a7086908e62dedda0a7,renamed_for_bridge_release
examples/policy/run_FedPPO_push_avg_seed.py,examples/policy/run_FedPPO_pushpull_seed.py,withheld,094751a9f98ac71968400cd2aca9e82b12b9723248402b485d17a5d5b0e60d53,renamed_for_bridge_release
examples/policy/run_PerFedDC_seed.py,examples/policy/run_PerFedDC_seed.py,withheld,32baeaca1b187f0895796f5a43113eaab4a5c960dc99d739ff559037a0efc159,modified_for_release
examples/policy/run_pFedMe_seed.py,examples/policy/run_pFedMe_seed.py,withheld,df60c391a0878f8ccc55edcc9810740797d43448fb22f664d9f071301709183c,modified_for_release
src/DeepCTR-Torch/deepctr_torch/__init__.py,src/DeepCTR-Torch/deepctr_torch/__init__.py,withheld,29bb6d2bde2b4ab95a16b30c9287b0f7418e78a58b89d2ebe52de5e935e86062,modified_for_release
src/DeepCTR-Torch/deepctr_torch/callbacks.py,src/DeepCTR-Torch/deepctr_torch/callbacks.py,db598564e9bba3047a42e718e8593a5d4e95b119df9e2636164a4f6c8c9a4ed1,db598564e9bba3047a42e718e8593a5d4e95b119df9e2636164a4f6c8c9a4ed1,byte_preserved
src/DeepCTR-Torch/deepctr_torch/inputs.py,src/DeepCTR-Torch/deepctr_torch/inputs.py,87ffb33dca76d47b2eef8f49b8bab5c5ade5fc543c65ddfcc12131fb97d19567,87ffb33dca76d47b2eef8f49b8bab5c5ade5fc543c65ddfcc12131fb97d19567,byte_preserved
src/DeepCTR-Torch/deepctr_torch/layers/__init__.py,src/DeepCTR-Torch/deepctr_torch/layers/__init__.py,2943c1f83578c987ce3bc31788aa8d79484fa8e07bef1dab8d4d972cc2b2878d,2943c1f83578c987ce3bc31788aa8d79484fa8e07bef1dab8d4d972cc2b2878d,byte_preserved
src/DeepCTR-Torch/deepctr_torch/layers/activation.py,src/DeepCTR-Torch/deepctr_torch/layers/activation.py,ad5c3cadf3ea98cbab2e6f3137c3e91b72f2ed0b6ec43ec1b6e0e07cb745c62d,ad5c3cadf3ea98cbab2e6f3137c3e91b72f2ed0b6ec43ec1b6e0e07cb745c62d,byte_preserved
src/DeepCTR-Torch/deepctr_torch/layers/core.py,src/DeepCTR-Torch/deepctr_torch/layers/core.py,a8b95af1a60497b13fbdbca1c7723e117a3c4deed8861b572a57ebc4582a1211,a8b95af1a60497b13fbdbca1c7723e117a3c4deed8861b572a57ebc4582a1211,byte_preserved
src/DeepCTR-Torch/deepctr_torch/layers/interaction.py,src/DeepCTR-Torch/deepctr_torch/layers/interaction.py,b92cdb90bae8b00e4b361b7f97989c8fb221aa9f28f201c5e2f2ce48255c1b82,b92cdb90bae8b00e4b361b7f97989c8fb221aa9f28f201c5e2f2ce48255c1b82,byte_preserved
src/DeepCTR-Torch/deepctr_torch/layers/sequence.py,src/DeepCTR-Torch/deepctr_torch/layers/sequence.py,9e6e2596035925e3c302a6adbf92b02945cdc9d53ba17d07193505288434bdbe,9e6e2596035925e3c302a6adbf92b02945cdc9d53ba17d07193505288434bdbe,byte_preserved
src/DeepCTR-Torch/deepctr_torch/layers/utils.py,src/DeepCTR-Torch/deepctr_torch/layers/utils.py,611b24081271ad6424fcd0c3cfce2a79821449be5b6f5a5a9d98a2e99f6aa8a1,611b24081271ad6424fcd0c3cfce2a79821449be5b6f5a5a9d98a2e99f6aa8a1,byte_preserved
src/DeepCTR-Torch/deepctr_torch/models/__init__.py,src/DeepCTR-Torch/deepctr_torch/models/__init__.py,f35c0a03283f813cc24b6228a272933815d7b50acff241731bd86fd6ebaeef13,f35c0a03283f813cc24b6228a272933815d7b50acff241731bd86fd6ebaeef13,byte_preserved
src/DeepCTR-Torch/deepctr_torch/models/afm.py,src/DeepCTR-Torch/deepctr_torch/models/afm.py,f01bce0d594eece263b2f2c247998ab4f8f9497c6a7856f37ccc8663b2faf001,f01bce0d594eece263b2f2c247998ab4f8f9497c6a7856f37ccc8663b2faf001,byte_preserved
src/DeepCTR-Torch/deepctr_torch/models/afn.py,src/DeepCTR-Torch/deepctr_torch/models/afn.py,95f37f49acba08b8119c8625c9afeec8c551e95f926db815d83bd4881fe3b244,95f37f49acba08b8119c8625c9afeec8c551e95f926db815d83bd4881fe3b244,byte_preserved
src/DeepCTR-Torch/deepctr_torch/models/autoint.py,src/DeepCTR-Torch/deepctr_torch/models/autoint.py,3f5b44c49f5efcd7d0fe45a8a85fcb28be162ea60bff549aa5e8c7ca553fcb81,3f5b44c49f5efcd7d0fe45a8a85fcb28be162ea60bff549aa5e8c7ca553fcb81,byte_preserved
src/DeepCTR-Torch/deepctr_torch/models/basemodel.py,src/DeepCTR-Torch/deepctr_torch/models/basemodel.py,95218ae46ff33688d7d09a8dea711dbfe238762f658c732ead45c5e25d8a8e62,95218ae46ff33688d7d09a8dea711dbfe238762f658c732ead45c5e25d8a8e62,byte_preserved
src/DeepCTR-Torch/deepctr_torch/models/ccpm.py,src/DeepCTR-Torch/deepctr_torch/models/ccpm.py,c20f6171c76302271b24109a0641d1c9126d443635c5ed91ace2d854fd4d3ca9,c20f6171c76302271b24109a0641d1c9126d443635c5ed91ace2d854fd4d3ca9,byte_preserved
src/DeepCTR-Torch/deepctr_torch/models/dcn.py,src/DeepCTR-Torch/deepctr_torch/models/dcn.py,f7e9e262c863c5b3f83b467da86cb3e678209f1453107ca2f6fb1d8abdffdf3d,f7e9e262c863c5b3f83b467da86cb3e678209f1453107ca2f6fb1d8abdffdf3d,byte_preserved
src/DeepCTR-Torch/deepctr_torch/models/dcnmix.py,src/DeepCTR-Torch/deepctr_torch/models/dcnmix.py,0f3686453c8bbf68508639ad5869fc85420c33d64a82ae3e0555c4c18421834c,0f3686453c8bbf68508639ad5869fc85420c33d64a82ae3e0555c4c18421834c,byte_preserved
src/DeepCTR-Torch/deepctr_torch/models/deepfm.py,src/DeepCTR-Torch/deepctr_torch/models/deepfm.py,420c4dde30dabb815bfc01ff9bd054d592cd59e9bb7c64372888d8aa6177c911,420c4dde30dabb815bfc01ff9bd054d592cd59e9bb7c64372888d8aa6177c911,byte_preserved
src/DeepCTR-Torch/deepctr_torch/models/dien.py,src/DeepCTR-Torch/deepctr_torch/models/dien.py,c8f276acf51cd9e5f4e017d2acbc09963dd7b65d695fca2760eed3c50be3cf64,c8f276acf51cd9e5f4e017d2acbc09963dd7b65d695fca2760eed3c50be3cf64,byte_preserved
src/DeepCTR-Torch/deepctr_torch/models/difm.py,src/DeepCTR-Torch/deepctr_torch/models/difm.py,e3cfc2144003def67b1d065f295e33413e6e4e44d82037d3102836317f58ad3a,e3cfc2144003def67b1d065f295e33413e6e4e44d82037d3102836317f58ad3a,byte_preserved
src/DeepCTR-Torch/deepctr_torch/models/din.py,src/DeepCTR-Torch/deepctr_torch/models/din.py,299ab7d92459f14d72ee0c2e13362db6c52410868afa573cdc08f96ba5e59a62,299ab7d92459f14d72ee0c2e13362db6c52410868afa573cdc08f96ba5e59a62,byte_preserved
src/DeepCTR-Torch/deepctr_torch/models/fibinet.py,src/DeepCTR-Torch/deepctr_torch/models/fibinet.py,fdbc693c76f0dd2579f2884007abc0cd9d817bb25c576b2ba9dbc71cfb9f3498,fdbc693c76f0dd2579f2884007abc0cd9d817bb25c576b2ba9dbc71cfb9f3498,byte_preserved
src/DeepCTR-Torch/deepctr_torch/models/ifm.py,src/DeepCTR-Torch/deepctr_torch/models/ifm.py,6dc91622211e7c090f7314450d9769f44ff2d829d762f7a976397b29428de069,6dc91622211e7c090f7314450d9769f44ff2d829d762f7a976397b29428de069,byte_preserved
src/DeepCTR-Torch/deepctr_torch/models/mlr.py,src/DeepCTR-Torch/deepctr_torch/models/mlr.py,e23a1aae23e848715f14c796276935a5528ade96d58390aa272d9b809b1080f5,e23a1aae23e848715f14c796276935a5528ade96d58390aa272d9b809b1080f5,byte_preserved
src/DeepCTR-Torch/deepctr_torch/models/multitask/__init__.py,src/DeepCTR-Torch/deepctr_torch/models/multitask/__init__.py,2e2fd555e10ccb2c7921742424d6b1c2b17342ef86ed5d0a8002ddb55c5bb6f4,2e2fd555e10ccb2c7921742424d6b1c2b17342ef86ed5d0a8002ddb55c5bb6f4,byte_preserved
src/DeepCTR-Torch/deepctr_torch/models/multitask/esmm.py,src/DeepCTR-Torch/deepctr_torch/models/multitask/esmm.py,fb7fd4a4bbcbd0ea4801235bc6a79d1d4a23b6c8f39618a6a23d263b583347f0,fb7fd4a4bbcbd0ea4801235bc6a79d1d4a23b6c8f39618a6a23d263b583347f0,byte_preserved
src/DeepCTR-Torch/deepctr_torch/models/multitask/mmoe.py,src/DeepCTR-Torch/deepctr_torch/models/multitask/mmoe.py,c7b580f005e8d6abaf68af08e5bd8b45d606d9559124021a67796821b47460ef,c7b580f005e8d6abaf68af08e5bd8b45d606d9559124021a67796821b47460ef,byte_preserved
src/DeepCTR-Torch/deepctr_torch/models/multitask/ple.py,src/DeepCTR-Torch/deepctr_torch/models/multitask/ple.py,9a2f1e609db78ecd4f6542f8bb2546409da768732a330169f74db0c5615af5f0,9a2f1e609db78ecd4f6542f8bb2546409da768732a330169f74db0c5615af5f0,byte_preserved
src/DeepCTR-Torch/deepctr_torch/models/multitask/sharedbottom.py,src/DeepCTR-Torch/deepctr_torch/models/multitask/sharedbottom.py,2775baa6e1aaf8e5ed3c2fe878eba58f473c64741f56c28155f732e1478885dd,2775baa6e1aaf8e5ed3c2fe878eba58f473c64741f56c28155f732e1478885dd,byte_preserved
src/DeepCTR-Torch/deepctr_torch/models/nfm.py,src/DeepCTR-Torch/deepctr_torch/models/nfm.py,6eda62d8dd01d066ca5b53b48f892ba946777e79330f0f46eb7198c5454825ec,6eda62d8dd01d066ca5b53b48f892ba946777e79330f0f46eb7198c5454825ec,byte_preserved
src/DeepCTR-Torch/deepctr_torch/models/onn.py,src/DeepCTR-Torch/deepctr_torch/models/onn.py,7964c6ffcfa0d5ca203db9b8d3b998591c73f52a9c3b55e44c95f5650381e88f,7964c6ffcfa0d5ca203db9b8d3b998591c73f52a9c3b55e44c95f5650381e88f,byte_preserved
src/DeepCTR-Torch/deepctr_torch/models/pnn.py,src/DeepCTR-Torch/deepctr_torch/models/pnn.py,dc5e9bd48e194dfb0dad70275d538faf77dd8394c7c0f0a8c434d69f3d417ef8,dc5e9bd48e194dfb0dad70275d538faf77dd8394c7c0f0a8c434d69f3d417ef8,byte_preserved
src/DeepCTR-Torch/deepctr_torch/models/wdl.py,src/DeepCTR-Torch/deepctr_torch/models/wdl.py,5ea2d327f7a7dedb25b429bbd80d2988a108066a9d03bd16bdce7a0e5fed2584,5ea2d327f7a7dedb25b429bbd80d2988a108066a9d03bd16bdce7a0e5fed2584,byte_preserved
src/DeepCTR-Torch/deepctr_torch/models/xdeepfm.py,src/DeepCTR-Torch/deepctr_torch/models/xdeepfm.py,c0d74eebd6506b8f426af88b126a8c24a93ed031a0a6131f3467facb1c4ace1f,c0d74eebd6506b8f426af88b126a8c24a93ed031a0a6131f3467facb1c4ace1f,byte_preserved
src/DeepCTR-Torch/deepctr_torch/utils.py,src/DeepCTR-Torch/deepctr_torch/utils.py,f72f14628f4878dbeb026e62db1e5744c8415964307cc032f782136cb6d66849,f72f14628f4878dbeb026e62db1e5744c8415964307cc032f782136cb6d66849,byte_preserved
src/core/__init__.py,src/core/__init__.py,51374bd74c0c1666b76db6bb272664aef86b06bf09cba076edfef1b41bfbcef9,51374bd74c0c1666b76db6bb272664aef86b06bf09cba076edfef1b41bfbcef9,byte_preserved
src/core/collector/collector.py,src/core/collector/collector.py,fa71c6dfd384877951c5ff668970d4bfd53c9c22916c9538813dcbdfd090d82e,fa71c6dfd384877951c5ff668970d4bfd53c9c22916c9538813dcbdfd090d82e,byte_preserved
src/core/collector/collector_set.py,src/core/collector/collector_set.py,269502b6e9a9db40fdbb707c4d7aee5812b268b4a0bf81638773a8c0d3dcd67c,269502b6e9a9db40fdbb707c4d7aee5812b268b4a0bf81638773a8c0d3dcd67c,byte_preserved
src/core/envs/BaseData.py,src/core/envs/BaseData.py,ba0b4c7faff714e2d9cdd67757af58b91bac6da1ef277d9f27c9fa48c65839e3,ba0b4c7faff714e2d9cdd67757af58b91bac6da1ef277d9f27c9fa48c65839e3,byte_preserved
src/core/envs/BaseEnv.py,src/core/envs/BaseEnv.py,2c38281ae0f5a92011df24e4ac9cf58a5d9fc74f4b19fc5af78db7670572e973,2c38281ae0f5a92011df24e4ac9cf58a5d9fc74f4b19fc5af78db7670572e973,byte_preserved
src/core/envs/Coat/CoatData.py,src/core/envs/Coat/CoatData.py,dc41fc95e726f5a7d8d733e968acd894baaefdd63e7179efa30e5534c91d87bb,dc41fc95e726f5a7d8d733e968acd894baaefdd63e7179efa30e5534c91d87bb,byte_preserved
src/core/envs/Coat/CoatEnv.py,src/core/envs/Coat/CoatEnv.py,4d74f41f2c5b415a1884799dd4525a0d52c6d60fd8b43e5fb162620ced65e5d1,4d74f41f2c5b415a1884799dd4525a0d52c6d60fd8b43e5fb162620ced65e5d1,byte_preserved
src/core/envs/KuaiRand_Pure/KuaiRandData.py,src/core/envs/KuaiRand_Pure/KuaiRandData.py,adec19728272eb0f9f7649de68f8b714be92fe1e359bcccb400e914e4e259488,adec19728272eb0f9f7649de68f8b714be92fe1e359bcccb400e914e4e259488,byte_preserved
src/core/envs/KuaiRand_Pure/KuaiRandEnv.py,src/core/envs/KuaiRand_Pure/KuaiRandEnv.py,731a247c400a8e7102d2f58044eb66a1730c1a78bb0d7910ce40951acbed122f,731a247c400a8e7102d2f58044eb66a1730c1a78bb0d7910ce40951acbed122f,byte_preserved
src/core/envs/KuaiRand_Pure/preprocessing_kuairand.py,src/core/envs/KuaiRand_Pure/preprocessing_kuairand.py,76a63daa0a34b61d99fb99dce1a98cd78c9a1c1e186fcdc478053426acaeb7c6,76a63daa0a34b61d99fb99dce1a98cd78c9a1c1e186fcdc478053426acaeb7c6,byte_preserved
src/core/envs/KuaiRec/KuaiData.py,src/core/envs/KuaiRec/KuaiData.py,47d6799e810c137b3f880feb78cc448b876dae7c8c08019399d3ff81205a8d5b,47d6799e810c137b3f880feb78cc448b876dae7c8c08019399d3ff81205a8d5b,byte_preserved
src/core/envs/KuaiRec/KuaiEnv.py,src/core/envs/KuaiRec/KuaiEnv.py,92cf4bf6fe6d7868aca3a2d1a9f7ab1674393b13cb7c7cf2cda70c9b6158c876,92cf4bf6fe6d7868aca3a2d1a9f7ab1674393b13cb7c7cf2cda70c9b6158c876,byte_preserved
src/core/envs/KuaiRec/preprocessing_kuairec.py,src/core/envs/KuaiRec/preprocessing_kuairec.py,a5e852c76d44bd6fd6600652edc206583aa8e99f0f14b2514c2c6939e3c11649,a5e852c76d44bd6fd6600652edc206583aa8e99f0f14b2514c2c6939e3c11649,byte_preserved
src/core/envs/MovieLens/MovieLensData.py,src/core/envs/MovieLens/MovieLensData.py,c83f56525c03e1397dabc2c0785775ebc705676d2e363df12a92d675593c024a,c83f56525c03e1397dabc2c0785775ebc705676d2e363df12a92d675593c024a,byte_preserved
src/core/envs/MovieLens/MovieLensEnv.py,src/core/envs/MovieLens/MovieLensEnv.py,1adf2d2a3550da7f293303fd5ac012024ca5d5f0c5aec2f1fbeb2fd6b8ee8132,1adf2d2a3550da7f293303fd5ac012024ca5d5f0c5aec2f1fbeb2fd6b8ee8132,byte_preserved
src/core/envs/MovieLens/provide_MF_results.py,src/core/envs/MovieLens/provide_MF_results.py,cde9b68b54c794813a06cc0bc82820f3650277657e9753a3482b47be63ce0ac5,cde9b68b54c794813a06cc0bc82820f3650277657e9753a3482b47be63ce0ac5,byte_preserved
src/core/envs/Simulated_Env/__init__.py,src/core/envs/Simulated_Env/__init__.py,e3b0c44298fc1c149afbf4c8996fb92427ae41e4649b934ca495991b7852b855,e3b0c44298fc1c149afbf4c8996fb92427ae41e4649b934ca495991b7852b855,byte_preserved
src/core/envs/Simulated_Env/base.py,src/core/envs/Simulated_Env/base.py,869cc0b4d692898f399d149e98636a8932e7bd435a6fa6e760c118fbf0c847bf,869cc0b4d692898f399d149e98636a8932e7bd435a6fa6e760c118fbf0c847bf,byte_preserved
src/core/envs/Simulated_Env/intrinsic.py,src/core/envs/Simulated_Env/intrinsic.py,0218f2c6ae3651ac47058e8ae5eb407bc50ec7986ce694616f5e59f3413e0563,0218f2c6ae3651ac47058e8ae5eb407bc50ec7986ce694616f5e59f3413e0563,byte_preserved
src/core/envs/Simulated_Env/penalty_ent_exp.py,src/core/envs/Simulated_Env/penalty_ent_exp.py,9d1623e515d4277f1d4b22ecebe9d54ce08df608b2eb5b837314e4cb54ea27ba,9d1623e515d4277f1d4b22ecebe9d54ce08df608b2eb5b837314e4cb54ea27ba,byte_preserved
src/core/envs/Simulated_Env/penalty_var.py,src/core/envs/Simulated_Env/penalty_var.py,867b1e6b9dcb97cb450f42ac16ecaefbd1faff2efe8b335948c29bd869211d2c,867b1e6b9dcb97cb450f42ac16ecaefbd1faff2efe8b335948c29bd869211d2c,byte_preserved
src/core/envs/YahooR3/YahooData.py,src/core/envs/YahooR3/YahooData.py,2fb864e4aea9fa16a10994b4a5ad5631853654bc3c8c178d1f1d0c3971c28a20,2fb864e4aea9fa16a10994b4a5ad5631853654bc3c8c178d1f1d0c3971c28a20,byte_preserved
src/core/envs/YahooR3/YahooEnv.py,src/core/envs/YahooR3/YahooEnv.py,e27990d5d81b0e0b898e38ab8ba01baef840c1fd969113d6f563006160abe215,e27990d5d81b0e0b898e38ab8ba01baef840c1fd969113d6f563006160abe215,byte_preserved
src/core/envs/__init__.py,src/core/envs/__init__.py,e3b0c44298fc1c149afbf4c8996fb92427ae41e4649b934ca495991b7852b855,e3b0c44298fc1c149afbf4c8996fb92427ae41e4649b934ca495991b7852b855,byte_preserved
src/core/evaluation/evaluator.py,src/core/evaluation/evaluator.py,41ce6219a24c0709fb6e32a13fc7c33f46907b12dd42d3df1d3e58081d244eb6,41ce6219a24c0709fb6e32a13fc7c33f46907b12dd42d3df1d3e58081d244eb6,byte_preserved
src/core/evaluation/evaluator_static.py,src/core/evaluation/evaluator_static.py,0596518bcd6ca6d03f3f135c5c1f660b8a99da02ff1fd07bd522380b808c57d9,0596518bcd6ca6d03f3f135c5c1f660b8a99da02ff1fd07bd522380b808c57d9,byte_preserved
src/core/evaluation/loggers.py,src/core/evaluation/loggers.py,03a53765371bececeedfa2e2ee9639ea87a92b44de2e260b71688c5f35e82be6,03a53765371bececeedfa2e2ee9639ea87a92b44de2e260b71688c5f35e82be6,byte_preserved
src/core/evaluation/metrics.py,src/core/evaluation/metrics.py,b9ed42397855f0b78f59d0c36af61ab421d443e6de6b8334ff6c3d142ea60f79,b9ed42397855f0b78f59d0c36af61ab421d443e6de6b8334ff6c3d142ea60f79,byte_preserved
src/core/evaluation/utils.py,src/core/evaluation/utils.py,d28e8f4d126c68ac5a0516139434d4f8fc425a4f1165bf52c5feb03eb62495ff,d28e8f4d126c68ac5a0516139434d4f8fc425a4f1165bf52c5feb03eb62495ff,byte_preserved
src/core/policy/RecPolicy.py,src/core/policy/RecPolicy.py,withheld,4da4282022efaea3a46f8ef9c8e04db82f4995a6b5602de3a2e81b6b1eef81b4,modified_for_release
src/core/state_tracker/Average.py,src/core/state_tracker/Average.py,809565652df1a400f65977d5d43cbd105849b8d5ce38718660734f485656a4e4,809565652df1a400f65977d5d43cbd105849b8d5ce38718660734f485656a4e4,byte_preserved
src/core/state_tracker/Caser.py,src/core/state_tracker/Caser.py,ac9b28f2e0a829e1e98d73890587a880c16d7700d382838d16abc796a4abf57e,ac9b28f2e0a829e1e98d73890587a880c16d7700d382838d16abc796a4abf57e,byte_preserved
src/core/state_tracker/GRU.py,src/core/state_tracker/GRU.py,03cfe5ad7e3e4349917ca8cc13ba8d931be51725c08d3486fbd93b2c6fbd9dfa,03cfe5ad7e3e4349917ca8cc13ba8d931be51725c08d3486fbd93b2c6fbd9dfa,byte_preserved
src/core/state_tracker/NextItNet.py,src/core/state_tracker/NextItNet.py,143ef89d31efa2a6baa4ed0de3d713ecb5c95944c6a9e7910acfab204b80aff6,143ef89d31efa2a6baa4ed0de3d713ecb5c95944c6a9e7910acfab204b80aff6,byte_preserved
src/core/state_tracker/SASRec.py,src/core/state_tracker/SASRec.py,352ebc4f8e1cfd0f74fe50610af4cbad4c2b0bd298fdb3948066f5b86b72ac8b,352ebc4f8e1cfd0f74fe50610af4cbad4c2b0bd298fdb3948066f5b86b72ac8b,byte_preserved
src/core/state_tracker/base.py,src/core/state_tracker/base.py,149a8d33d1cef9fceb4af86055a6c342873cd83254f1d576b97b6b0522ec7d62,149a8d33d1cef9fceb4af86055a6c342873cd83254f1d576b97b6b0522ec7d62,byte_preserved
src/core/userModel/user_model.py,src/core/userModel/user_model.py,86c93c30c893d41356fc801f3d89d80643f898a6c2c91f19084a3768cf4f8c1d,86c93c30c893d41356fc801f3d89d80643f898a6c2c91f19084a3768cf4f8c1d,byte_preserved
src/core/userModel/user_model_ensemble.py,src/core/userModel/user_model_ensemble.py,e773bfe4c78cf5138dd1ee92ee2d1ff36a40afc6fa22dcecc83ce60867f2ba6c,e773bfe4c78cf5138dd1ee92ee2d1ff36a40afc6fa22dcecc83ce60867f2ba6c,byte_preserved
src/core/userModel/user_model_mmoe.py,src/core/userModel/user_model_mmoe.py,a0c75ac72cf9e1ef3271d294f6602b9fa2e16d5df0c1a9b43fbe3521baa1c448,a0c75ac72cf9e1ef3271d294f6602b9fa2e16d5df0c1a9b43fbe3521baa1c448,byte_preserved
src/core/userModel/user_model_pairwise.py,src/core/userModel/user_model_pairwise.py,548e0ec243b5fbe88a0f6b9910714f41e66e539b13604e87d40b52a5df92b056,548e0ec243b5fbe88a0f6b9910714f41e66e539b13604e87d40b52a5df92b056,byte_preserved
src/core/userModel/user_model_pairwise_variance.py,src/core/userModel/user_model_pairwise_variance.py,cf02a46bbd146ca58f7cb013ed98ca3c9317bc2c4763d09f0bb1ec6fa92db902,cf02a46bbd146ca58f7cb013ed98ca3c9317bc2c4763d09f0bb1ec6fa92db902,byte_preserved
src/core/userModel/user_model_variance.py,src/core/userModel/user_model_variance.py,344f003ef2939e5b13d49d97c521db057f3d4788cf83570239c029f8e71889d1,344f003ef2939e5b13d49d97c521db057f3d4788cf83570239c029f8e71889d1,byte_preserved
src/core/util/data.py,src/core/util/data.py,withheld,ecd75872b62508586b27494a9885762e2915f98885df534f526be495e594be89,modified_for_release
src/core/util/inputs.py,src/core/util/inputs.py,765701d15ca7a4d3d411377ec529bf0dbebea2e736e829081dec982194c22b3e,765701d15ca7a4d3d411377ec529bf0dbebea2e736e829081dec982194c22b3e,byte_preserved
src/core/util/layers.py,src/core/util/layers.py,6ddb07f5d88939afd095d027d8fe24f23e4423bc823df44bb9c137c0d7919651,6ddb07f5d88939afd095d027d8fe24f23e4423bc823df44bb9c137c0d7919651,byte_preserved
src/core/util/logger_callback.py,src/core/util/logger_callback.py,withheld,9e5da72522e13df2b85bf222b0dcee11e3c1dbbb19349c68e693a59862f05711,modified_for_release
src/core/util/loss.py,src/core/util/loss.py,33321b52b8e7da8255b19fd640e30cfde5f202980c2c8ed148588dce216eb43e,33321b52b8e7da8255b19fd640e30cfde5f202980c2c8ed148588dce216eb43e,byte_preserved
src/core/util/static_dataset.py,src/core/util/static_dataset.py,a971d08583345ed10349743069bea238e30fee13a7ba15a839a1c8750ea27530,a971d08583345ed10349743069bea238e30fee13a7ba15a839a1c8750ea27530,byte_preserved
src/core/util/utils.py,src/core/util/utils.py,05da80a7e0561f722211a444c885ad8257afb584406754b70c4db1c84b7e9518,05da80a7e0561f722211a444c885ad8257afb584406754b70c4db1c84b7e9518,byte_preserved
src/tianshou/tianshou/__init__.py,src/tianshou/tianshou/__init__.py,b3ad25f3b574f61788e2d5065cb7d356c71e22cf5b82fba45973644bcd01442d,b3ad25f3b574f61788e2d5065cb7d356c71e22cf5b82fba45973644bcd01442d,byte_preserved
src/tianshou/tianshou/data/__init__.py,src/tianshou/tianshou/data/__init__.py,b6fc54ec59cc63e76a6766c893df3daed4eaaa3e50abeb2344d1f066e4507778,b6fc54ec59cc63e76a6766c893df3daed4eaaa3e50abeb2344d1f066e4507778,byte_preserved
src/tianshou/tianshou/data/batch.py,src/tianshou/tianshou/data/batch.py,d302303758b162734042ad3cf3f3b631927165b557a7cb5b324ea966c7456acf,d302303758b162734042ad3cf3f3b631927165b557a7cb5b324ea966c7456acf,byte_preserved
src/tianshou/tianshou/data/buffer/__init__.py,src/tianshou/tianshou/data/buffer/__init__.py,e3b0c44298fc1c149afbf4c8996fb92427ae41e4649b934ca495991b7852b855,e3b0c44298fc1c149afbf4c8996fb92427ae41e4649b934ca495991b7852b855,byte_preserved
src/tianshou/tianshou/data/buffer/base.py,src/tianshou/tianshou/data/buffer/base.py,6fb42a3ec7e8c647897458e4fc1b8e5a2d3584886048c7b0f6712468f7bc2000,6fb42a3ec7e8c647897458e4fc1b8e5a2d3584886048c7b0f6712468f7bc2000,byte_preserved
src/tianshou/tianshou/data/buffer/cached.py,src/tianshou/tianshou/data/buffer/cached.py,fb938725368bd53561598cf2c44e8b8ae40db5123614c2e8768197e9688ffd13,fb938725368bd53561598cf2c44e8b8ae40db5123614c2e8768197e9688ffd13,byte_preserved
src/tianshou/tianshou/data/buffer/her.py,src/tianshou/tianshou/data/buffer/her.py,43505044ce40e30c97fc2763050d5b76a4806bef8ad407ef0592e7c88a07cd6e,43505044ce40e30c97fc2763050d5b76a4806bef8ad407ef0592e7c88a07cd6e,byte_preserved
src/tianshou/tianshou/data/buffer/manager.py,src/tianshou/tianshou/data/buffer/manager.py,6568b5dafb9298f59c0253e7dd9d638c70173ed42a2d75b544ee0bfe00e2681e,6568b5dafb9298f59c0253e7dd9d638c70173ed42a2d75b544ee0bfe00e2681e,byte_preserved
src/tianshou/tianshou/data/buffer/prio.py,src/tianshou/tianshou/data/buffer/prio.py,f377daff32c205871ba7cc2b95ad822455ea334f310b00b2868bf238a27e57a4,f377daff32c205871ba7cc2b95ad822455ea334f310b00b2868bf238a27e57a4,byte_preserved
src/tianshou/tianshou/data/buffer/vecbuf.py,src/tianshou/tianshou/data/buffer/vecbuf.py,6bf666e0903901e4699754b463ae54b061b49683fde14cb41d53cf3d6f44dd71,6bf666e0903901e4699754b463ae54b061b49683fde14cb41d53cf3d6f44dd71,byte_preserved
src/tianshou/tianshou/data/collector.py,src/tianshou/tianshou/data/collector.py,e89232cdf82589e7e1e26dd170727415a3bc1f5738261a82907bec3b01d04bb6,e89232cdf82589e7e1e26dd170727415a3bc1f5738261a82907bec3b01d04bb6,byte_preserved
src/tianshou/tianshou/data/utils/__init__.py,src/tianshou/tianshou/data/utils/__init__.py,e3b0c44298fc1c149afbf4c8996fb92427ae41e4649b934ca495991b7852b855,e3b0c44298fc1c149afbf4c8996fb92427ae41e4649b934ca495991b7852b855,byte_preserved
src/tianshou/tianshou/data/utils/converter.py,src/tianshou/tianshou/data/utils/converter.py,withheld,b519b7703d88c4bab8141793443b4ba919c2fdc4f0845e2f5eed733016f0daa6,modified_for_release
src/tianshou/tianshou/data/utils/segtree.py,src/tianshou/tianshou/data/utils/segtree.py,3c9b19fbbe0a496193c86b0fc9a0b61f99e4e9a65b00ae98d8f624e183d27c33,3c9b19fbbe0a496193c86b0fc9a0b61f99e4e9a65b00ae98d8f624e183d27c33,byte_preserved
src/tianshou/tianshou/env/__init__.py,src/tianshou/tianshou/env/__init__.py,c4ea0674e719cf463d995e0e83f96c7fca096ce2ad1492503e9338e67d340ad9,c4ea0674e719cf463d995e0e83f96c7fca096ce2ad1492503e9338e67d340ad9,byte_preserved
src/tianshou/tianshou/env/gym_wrappers.py,src/tianshou/tianshou/env/gym_wrappers.py,3684f0421ff7c6fcc96849ca7127a888bd6b0e2080f1ac3a9b17e1190765bc89,3684f0421ff7c6fcc96849ca7127a888bd6b0e2080f1ac3a9b17e1190765bc89,byte_preserved
src/tianshou/tianshou/env/pettingzoo_env.py,src/tianshou/tianshou/env/pettingzoo_env.py,40ca0aa9b78381c1c2cf2ea01f2a6f5740d7f74ed3588aabff9a8dc1685b667d,40ca0aa9b78381c1c2cf2ea01f2a6f5740d7f74ed3588aabff9a8dc1685b667d,byte_preserved
src/tianshou/tianshou/env/utils.py,src/tianshou/tianshou/env/utils.py,f14a2e4002efc29389edfe6005ac9bcb1ac7303a74a201b969143ebf7017d223,f14a2e4002efc29389edfe6005ac9bcb1ac7303a74a201b969143ebf7017d223,byte_preserved
src/tianshou/tianshou/env/venv_wrappers.py,src/tianshou/tianshou/env/venv_wrappers.py,9133b1689b69a0e62df5005e63bcce11de9e89de56735c64abdf16f34f691bc7,9133b1689b69a0e62df5005e63bcce11de9e89de56735c64abdf16f34f691bc7,byte_preserved
src/tianshou/tianshou/env/venvs.py,src/tianshou/tianshou/env/venvs.py,4a5e88e00e20166d0fe7cdaddeb2fa9330eef88e6f10b885887e995a2f3bbd1c,4a5e88e00e20166d0fe7cdaddeb2fa9330eef88e6f10b885887e995a2f3bbd1c,byte_preserved
src/tianshou/tianshou/env/worker/__init__.py,src/tianshou/tianshou/env/worker/__init__.py,762d1d329ccf15e5365be6fb3b37d58addb03310f21b84ea247464357f88d966,762d1d329ccf15e5365be6fb3b37d58addb03310f21b84ea247464357f88d966,byte_preserved
src/tianshou/tianshou/env/worker/base.py,src/tianshou/tianshou/env/worker/base.py,ab76870826e0be5b173d5a5d00f0594802f88552d7f85aec2c156f4b3a1132bb,ab76870826e0be5b173d5a5d00f0594802f88552d7f85aec2c156f4b3a1132bb,byte_preserved
src/tianshou/tianshou/env/worker/dummy.py,src/tianshou/tianshou/env/worker/dummy.py,837b25886ea3bb5028db9823e8aefc90a8bb9c2666ac43c7ef40cedfc53fe64f,837b25886ea3bb5028db9823e8aefc90a8bb9c2666ac43c7ef40cedfc53fe64f,byte_preserved
src/tianshou/tianshou/env/worker/ray.py,src/tianshou/tianshou/env/worker/ray.py,3c39783aa0f8acc9da3e95fa5722e5852bf206cc6b583011f25d8b9e31d79baa,3c39783aa0f8acc9da3e95fa5722e5852bf206cc6b583011f25d8b9e31d79baa,byte_preserved
src/tianshou/tianshou/env/worker/subproc.py,src/tianshou/tianshou/env/worker/subproc.py,7fe40b1b655f4f3223d6062d22689333c3cae070c264a131b21ae9b1a376aeed,7fe40b1b655f4f3223d6062d22689333c3cae070c264a131b21ae9b1a376aeed,byte_preserved
src/tianshou/tianshou/exploration/__init__.py,src/tianshou/tianshou/exploration/__init__.py,628fa3364e7e392e9c2aef7fb1a80f4012aef8486baab4dcbe3a757166dd2b65,628fa3364e7e392e9c2aef7fb1a80f4012aef8486baab4dcbe3a757166dd2b65,byte_preserved
src/tianshou/tianshou/exploration/random.py,src/tianshou/tianshou/exploration/random.py,68add40a317e0fb52c6ccf71318af421b932927cdc5ffec3b3e1bce282e77273,68add40a317e0fb52c6ccf71318af421b932927cdc5ffec3b3e1bce282e77273,byte_preserved
src/tianshou/tianshou/policy/__init__.py,src/tianshou/tianshou/policy/__init__.py,withheld,035d25746a3aed205db64cf19cab3f7b13a24d82a60f1de31a003b5ca25432b5,modified_for_release
src/tianshou/tianshou/policy/base.py,src/tianshou/tianshou/policy/base.py,c516f541a04c2036e8b24dc2e205044770c482e6a2113732b3cbd5fd436ea77b,c516f541a04c2036e8b24dc2e205044770c482e6a2113732b3cbd5fd436ea77b,byte_preserved
src/tianshou/tianshou/policy/imitation/__init__.py,src/tianshou/tianshou/policy/imitation/__init__.py,e3b0c44298fc1c149afbf4c8996fb92427ae41e4649b934ca495991b7852b855,e3b0c44298fc1c149afbf4c8996fb92427ae41e4649b934ca495991b7852b855,byte_preserved
src/tianshou/tianshou/policy/imitation/base.py,src/tianshou/tianshou/policy/imitation/base.py,e4777255cf543fd09af502fff1a05acc89de4c3e82f7d1ccc9c384dadf6e3b85,e4777255cf543fd09af502fff1a05acc89de4c3e82f7d1ccc9c384dadf6e3b85,byte_preserved
src/tianshou/tianshou/policy/imitation/bcq.py,src/tianshou/tianshou/policy/imitation/bcq.py,23e871f98348acb6bb8333411ce28f4973660643c8b2c9b31cb824015bc03881,23e871f98348acb6bb8333411ce28f4973660643c8b2c9b31cb824015bc03881,byte_preserved
src/tianshou/tianshou/policy/imitation/cql.py,src/tianshou/tianshou/policy/imitation/cql.py,ec06fcd762a7a3415df2a9cacb15e75414917f682f133240185638b3c3565e05,ec06fcd762a7a3415df2a9cacb15e75414917f682f133240185638b3c3565e05,byte_preserved
src/tianshou/tianshou/policy/imitation/discrete_bcq.py,src/tianshou/tianshou/policy/imitation/discrete_bcq.py,bc44509ca708e3a41f4b5852aae80981d0d0df995557b1fa5eb89cedc19b4b2b,bc44509ca708e3a41f4b5852aae80981d0d0df995557b1fa5eb89cedc19b4b2b,byte_preserved
src/tianshou/tianshou/policy/imitation/discrete_cql.py,src/tianshou/tianshou/policy/imitation/discrete_cql.py,db66ab4177a1737abaf582605a970ee591db8b9fb6341568255ae36e36c40202,db66ab4177a1737abaf582605a970ee591db8b9fb6341568255ae36e36c40202,byte_preserved
src/tianshou/tianshou/policy/imitation/discrete_crr.py,src/tianshou/tianshou/policy/imitation/discrete_crr.py,2c88a856f037a67d72e20a1c6de5fc59fa248b409565560c643085d65b860187,2c88a856f037a67d72e20a1c6de5fc59fa248b409565560c643085d65b860187,byte_preserved
src/tianshou/tianshou/policy/imitation/gail.py,src/tianshou/tianshou/policy/imitation/gail.py,5af2d13cbac6867a39b3dd480b5b240a2df935366a8463f98e442baac38b7638,5af2d13cbac6867a39b3dd480b5b240a2df935366a8463f98e442baac38b7638,byte_preserved
src/tianshou/tianshou/policy/imitation/sqn.py,src/tianshou/tianshou/policy/imitation/sqn.py,7d9ded72242fc9b11abb4b8099e921a558f9899464c2b82e516ad9eac3cf2765,7d9ded72242fc9b11abb4b8099e921a558f9899464c2b82e516ad9eac3cf2765,byte_preserved
src/tianshou/tianshou/policy/imitation/td3_bc.py,src/tianshou/tianshou/policy/imitation/td3_bc.py,c6ed273d19d10ecb10485e1f7240f1100bb75a12cb51efcd80dfc6866941322a,c6ed273d19d10ecb10485e1f7240f1100bb75a12cb51efcd80dfc6866941322a,byte_preserved
src/tianshou/tianshou/policy/modelbased/__init__.py,src/tianshou/tianshou/policy/modelbased/__init__.py,e3b0c44298fc1c149afbf4c8996fb92427ae41e4649b934ca495991b7852b855,e3b0c44298fc1c149afbf4c8996fb92427ae41e4649b934ca495991b7852b855,byte_preserved
src/tianshou/tianshou/policy/modelbased/icm.py,src/tianshou/tianshou/policy/modelbased/icm.py,38b45078b8896bf192d2cf2fc251ec53227725b87e2ca108aecf4140dd3abf32,38b45078b8896bf192d2cf2fc251ec53227725b87e2ca108aecf4140dd3abf32,byte_preserved
src/tianshou/tianshou/policy/modelbased/psrl.py,src/tianshou/tianshou/policy/modelbased/psrl.py,d7ea2fab38404b8b6f20d2a713b211b8c35003079b9660ab63019ffbea572513,d7ea2fab38404b8b6f20d2a713b211b8c35003079b9660ab63019ffbea572513,byte_preserved
src/tianshou/tianshou/policy/modelfree/__init__.py,src/tianshou/tianshou/policy/modelfree/__init__.py,e3b0c44298fc1c149afbf4c8996fb92427ae41e4649b934ca495991b7852b855,e3b0c44298fc1c149afbf4c8996fb92427ae41e4649b934ca495991b7852b855,byte_preserved
src/tianshou/tianshou/policy/modelfree/a2c.py,src/tianshou/tianshou/policy/modelfree/a2c.py,f7091ed4fb169da7675d090d0bbef8b7fab5d84da06cb9f6daa2400cc478c756,f7091ed4fb169da7675d090d0bbef8b7fab5d84da06cb9f6daa2400cc478c756,byte_preserved
src/tianshou/tianshou/policy/modelfree/bdq.py,src/tianshou/tianshou/policy/modelfree/bdq.py,fb7412b845d5d7df9f4a6fa030bf6d18f42a3332d5be2bb7be1c139668b1b711,fb7412b845d5d7df9f4a6fa030bf6d18f42a3332d5be2bb7be1c139668b1b711,byte_preserved
src/tianshou/tianshou/policy/modelfree/bridgea2c.py,src/tianshou/tianshou/policy/modelfree/bridgea2c.py,ef6b4a0e6b0ccbd630ba40c46149d7f9187dd5ad52e305dcfee0c7771181e6a4,ef6b4a0e6b0ccbd630ba40c46149d7f9187dd5ad52e305dcfee0c7771181e6a4,byte_preserved
src/tianshou/tianshou/policy/modelfree/bridgeppo.py,src/tianshou/tianshou/policy/modelfree/bridgeppo.py,withheld,4ace67daa75abdb62c5f80179e7161b65f19d6901d48f7709785be9ee07e339e,modified_for_release
src/tianshou/tianshou/policy/modelfree/bridgetd3.py,src/tianshou/tianshou/policy/modelfree/bridgetd3.py,96e5a6a99807d984e28652ab1b9abdaf963d839830a4508faeb8d4c2d085f143,96e5a6a99807d984e28652ab1b9abdaf963d839830a4508faeb8d4c2d085f143,byte_preserved
src/tianshou/tianshou/policy/modelfree/c51.py,src/tianshou/tianshou/policy/modelfree/c51.py,4746ea82d2fb893e89708dba26b68e44e48ef0b567af92ca02e7664590b4f83f,4746ea82d2fb893e89708dba26b68e44e48ef0b567af92ca02e7664590b4f83f,byte_preserved
src/tianshou/tianshou/policy/modelfree/ddpg.py,src/tianshou/tianshou/policy/modelfree/ddpg.py,a9565a0ecc0fc5da37a1e8677bae2a65123cd5a28e9c323e924a1881c4d8e9a4,a9565a0ecc0fc5da37a1e8677bae2a65123cd5a28e9c323e924a1881c4d8e9a4,byte_preserved
src/tianshou/tianshou/policy/modelfree/discrete_sac.py,src/tianshou/tianshou/policy/modelfree/discrete_sac.py,29367d0fbed6f44b4e835c5ddb39ea1c09396f3832a5043ac5e5535fd8d01304,29367d0fbed6f44b4e835c5ddb39ea1c09396f3832a5043ac5e5535fd8d01304,byte_preserved
src/tianshou/tianshou/policy/modelfree/dqn.py,src/tianshou/tianshou/policy/modelfree/dqn.py,bc7fcf428003c772a4548a9893ce81fab3a190b2ca58e9f20b068ed88ff34b8c,bc7fcf428003c772a4548a9893ce81fab3a190b2ca58e9f20b068ed88ff34b8c,byte_preserved
src/tianshou/tianshou/policy/modelfree/fqf.py,src/tianshou/tianshou/policy/modelfree/fqf.py,6103e92cc26ba5ecfeaaf95e6104a5edb2eb654b2ba41f3029cfe3b3fb528825,6103e92cc26ba5ecfeaaf95e6104a5edb2eb654b2ba41f3029cfe3b3fb528825,byte_preserved
src/tianshou/tianshou/policy/modelfree/iqn.py,src/tianshou/tianshou/policy/modelfree/iqn.py,2bc64a22f37fce172658c04eb002ce8e7e85b261c243c495ae332c8781afdba9,2bc64a22f37fce172658c04eb002ce8e7e85b261c243c495ae332c8781afdba9,byte_preserved
src/tianshou/tianshou/policy/modelfree/npg.py,src/tianshou/tianshou/policy/modelfree/npg.py,7b492008a4ab91879b45c63808df7831af57fe4acc3e41fe274fca9b320dafc6,7b492008a4ab91879b45c63808df7831af57fe4acc3e41fe274fca9b320dafc6,byte_preserved
src/tianshou/tianshou/policy/modelfree/perfed_dc.py,src/tianshou/tianshou/policy/modelfree/perfed_dc.py,withheld,d78527797f55abed1f8bd56a28d24995332bdc3e16c8922ac42d0b7ce1710452,modified_for_release
src/tianshou/tianshou/policy/modelfree/pfedme_ppo.py,src/tianshou/tianshou/policy/modelfree/pfedme_ppo.py,withheld,0f24d0978a9291ecf0f41fdc6adee626cea25b1f77a7b0e20cc890f96c9e85d9,modified_for_release
src/tianshou/tianshou/policy/modelfree/pg.py,src/tianshou/tianshou/policy/modelfree/pg.py,78e18c161dd0490d1d3a17532569c95a39e3e7471144a8968200a1358381ba39,78e18c161dd0490d1d3a17532569c95a39e3e7471144a8968200a1358381ba39,byte_preserved
src/tianshou/tianshou/policy/modelfree/ppo.py,src/tianshou/tianshou/policy/modelfree/ppo.py,0341f41f5f598feb9840103bf1690ab504baca07d1a996defe649abc99a78572,0341f41f5f598feb9840103bf1690ab504baca07d1a996defe649abc99a78572,byte_preserved
src/tianshou/tianshou/policy/modelfree/qrdqn.py,src/tianshou/tianshou/policy/modelfree/qrdqn.py,4fbff26d1323367e2edccb1fe71815b2aefa3e0e184c42aa0c4bb4d030182a2b,4fbff26d1323367e2edccb1fe71815b2aefa3e0e184c42aa0c4bb4d030182a2b,byte_preserved
src/tianshou/tianshou/policy/modelfree/rainbow.py,src/tianshou/tianshou/policy/modelfree/rainbow.py,b6239b62dca4f140dfc9964b65bcc573392f01de4c6a1cde4131fac7988afe44,b6239b62dca4f140dfc9964b65bcc573392f01de4c6a1cde4131fac7988afe44,byte_preserved
src/tianshou/tianshou/policy/modelfree/redq.py,src/tianshou/tianshou/policy/modelfree/redq.py,4541abfae1ae50f4ca532e9bcdb8aadd898276c322a63f7f788ba6bf237ea392,4541abfae1ae50f4ca532e9bcdb8aadd898276c322a63f7f788ba6bf237ea392,byte_preserved
src/tianshou/tianshou/policy/modelfree/sac.py,src/tianshou/tianshou/policy/modelfree/sac.py,69aeb6a53cfd992acea53f70909cb5dc7318713c90c76478c389f507b76a0be1,69aeb6a53cfd992acea53f70909cb5dc7318713c90c76478c389f507b76a0be1,byte_preserved
src/tianshou/tianshou/policy/modelfree/td3.py,src/tianshou/tianshou/policy/modelfree/td3.py,6d8b8eebb9132eda963447a0b286667921991df8135be80a3bce5eda034f4764,6d8b8eebb9132eda963447a0b286667921991df8135be80a3bce5eda034f4764,byte_preserved
src/tianshou/tianshou/policy/modelfree/trpo.py,src/tianshou/tianshou/policy/modelfree/trpo.py,5ae0cbc1250776f5e1dbd30f176317462c5274110cf1d503582e4258427f3158,5ae0cbc1250776f5e1dbd30f176317462c5274110cf1d503582e4258427f3158,byte_preserved
src/tianshou/tianshou/policy/multiagent/__init__.py,src/tianshou/tianshou/policy/multiagent/__init__.py,e3b0c44298fc1c149afbf4c8996fb92427ae41e4649b934ca495991b7852b855,e3b0c44298fc1c149afbf4c8996fb92427ae41e4649b934ca495991b7852b855,byte_preserved
src/tianshou/tianshou/policy/multiagent/mapolicy.py,src/tianshou/tianshou/policy/multiagent/mapolicy.py,withheld,082724571263a6509db872b133f277783435a175c8b8b426b93a12ed0a4bf864,modified_for_release
src/tianshou/tianshou/policy/random.py,src/tianshou/tianshou/policy/random.py,ed36e0c7fc2ede926abb166a4d7d8e134740f2ef031cb400e2bdfafdf48d2c50,ed36e0c7fc2ede926abb166a4d7d8e134740f2ef031cb400e2bdfafdf48d2c50,byte_preserved
src/tianshou/tianshou/trainer/__init__.py,src/tianshou/tianshou/trainer/__init__.py,withheld,23968fce9f76f8a207b8c4aa14e4e6b09e7128555ddf0710675c4174fb8b4f6e,modified_for_release
src/tianshou/tianshou/trainer/base.py,src/tianshou/tianshou/trainer/base.py,64a7432029277c0a0195201621c85db355e60ebe30460f93b4e705f4c185181c,64a7432029277c0a0195201621c85db355e60ebe30460f93b4e705f4c185181c,byte_preserved
src/tianshou/tianshou/trainer/bridgeavgbase.py,src/tianshou/tianshou/trainer/proxyavgbase.py,withheld,5b2a565b95b4bd15434701fd81e01d00afb1859dbaf2281a1b18591f2c6a886c,renamed_for_bridge_release
src/tianshou/tianshou/trainer/bridgebase.py,src/tianshou/tianshou/trainer/bridgebase.py,withheld,bd64f0e30d55eb5fee1b3e23510a223d9d875dd5c8419a8e7b245c3b54a72710,modified_for_release
src/tianshou/tianshou/trainer/bridgebase_hetero.py,src/tianshou/tianshou/trainer/bridgebase_hetero.py,2e7a4f89b2c806a1e8a75dbcbb582e6ada28d87ffa9422e7e3e098c9a28600f8,2e7a4f89b2c806a1e8a75dbcbb582e6ada28d87ffa9422e7e3e098c9a28600f8,byte_preserved
src/tianshou/tianshou/trainer/fedavgbase.py,src/tianshou/tianshou/trainer/fedavgbase.py,withheld,fce17cb9922c78e7adc39d8e2c1e1d7217ff200b06026be7aa7ca7eeffb0bf15,modified_for_release
src/tianshou/tianshou/trainer/fedavgonpolicy.py,src/tianshou/tianshou/trainer/fedavgonpolicy.py,5594a36ad7d888a50cf204d47fe85c748b06b5ebacf89dad819aa29624df24ff,5594a36ad7d888a50cf204d47fe85c748b06b5ebacf89dad819aa29624df24ff,byte_preserved
src/tianshou/tianshou/trainer/fedbase.py,src/tianshou/tianshou/trainer/fedbase.py,withheld,56c85a6e77dd7d81379de3623aa895d248175ba02b21cca0f5286f6ae4c8ab67,modified_for_release
src/tianshou/tianshou/trainer/fedbridgeavg.py,src/tianshou/tianshou/trainer/fedproxyavg.py,withheld,a5d626909b67973f9c9ba8c2654cc510030ecd184e2c543462b667fc5a3b3916,renamed_for_bridge_release
src/tianshou/tianshou/trainer/fedbridgehoffp.py,src/tianshou/tianshou/trainer/fedbridgehoffp.py,5232ef99526fb55ff1cc2092b687e0a3ba128eb01395df319b771451f099356a,5232ef99526fb55ff1cc2092b687e0a3ba128eb01395df319b771451f099356a,byte_preserved
src/tianshou/tianshou/trainer/fedbridgehonp.py,src/tianshou/tianshou/trainer/fedbridgehonp.py,0a75051fc045f701ec951099ca444580f3bb72377a765a57bf15af09d7c1a6ca,0a75051fc045f701ec951099ca444580f3bb72377a765a57bf15af09d7c1a6ca,byte_preserved
src/tianshou/tianshou/trainer/fedbridgeoffp.py,src/tianshou/tianshou/trainer/fedbridgeoffp.py,61429f1f97276e470d8f1919bd2c0c15c3a40d5905aa7c3fe957412f1886739b,61429f1f97276e470d8f1919bd2c0c15c3a40d5905aa7c3fe957412f1886739b,byte_preserved
src/tianshou/tianshou/trainer/fedbridgeonp.py,src/tianshou/tianshou/trainer/fedbridgeonp.py,d28e657ac3e9912927bfbefabc4bc0262be8939c6360bd63beef0e1f21615b00,d28e657ac3e9912927bfbefabc4bc0262be8939c6360bd63beef0e1f21615b00,byte_preserved
src/tianshou/tianshou/trainer/fedoffpolicy.py,src/tianshou/tianshou/trainer/fedoffpolicy.py,c07a0876b13e79fd1f45502870495e38bac8e9f6772cba4518dee6758f000ddf,c07a0876b13e79fd1f45502870495e38bac8e9f6772cba4518dee6758f000ddf,byte_preserved
src/tianshou/tianshou/trainer/fedoffpolicybase.py,src/tianshou/tianshou/trainer/fedoffpolicybase.py,withheld,aeff770177d18e52def44fcb863fe1e1a4ce382f1783866cc2ae6eaf6bb92a5e,modified_for_release
src/tianshou/tianshou/trainer/fedonpolicy.py,src/tianshou/tianshou/trainer/fedonpolicy.py,965108f477707616b096961b6a18e8aaf0fcaa59372ff212900f45578947fc49,965108f477707616b096961b6a18e8aaf0fcaa59372ff212900f45578947fc49,byte_preserved
src/tianshou/tianshou/trainer/fedonpolicy_push_avg.py,src/tianshou/tianshou/trainer/fedonpolicy_pushpull.py,withheld,f7ab13d63d52b42089f0e007ec9fb93eaea41baabdb04ba004d5e83650c7a0c9,renamed_for_bridge_release
src/tianshou/tianshou/trainer/offline.py,src/tianshou/tianshou/trainer/offline.py,b7440cf0c8a035b3821f108831d1aa2b886cf14b7c135e1066bf0bb023c6d2a7,b7440cf0c8a035b3821f108831d1aa2b886cf14b7c135e1066bf0bb023c6d2a7,byte_preserved
src/tianshou/tianshou/trainer/offpolicy.py,src/tianshou/tianshou/trainer/offpolicy.py,5f948823223abb18496ac4611a78e930c4c1f6ec2dff6db5ff7dd1d91098b548,5f948823223abb18496ac4611a78e930c4c1f6ec2dff6db5ff7dd1d91098b548,byte_preserved
src/tianshou/tianshou/trainer/onpolicy.py,src/tianshou/tianshou/trainer/onpolicy.py,73f6a1fd6778203ae5f5f489bcb53df1b53064df5c0d2ab142a440086d383dcf,73f6a1fd6778203ae5f5f489bcb53df1b53064df5c0d2ab142a440086d383dcf,byte_preserved
src/tianshou/tianshou/trainer/perfeddc.py,src/tianshou/tianshou/trainer/perfeddc.py,4297694383ce4367a9aa292843633aa6b118d38d4266f4704451bd39a8c0381f,4297694383ce4367a9aa292843633aa6b118d38d4266f4704451bd39a8c0381f,byte_preserved
src/tianshou/tianshou/trainer/perfeddcbase.py,src/tianshou/tianshou/trainer/perfeddcbase.py,withheld,be0a1303911f80f94ef8934b3a7ec420773e553629a75505dec58ad4797141e7,modified_for_release
src/tianshou/tianshou/trainer/pfedme.py,src/tianshou/tianshou/trainer/pfedme.py,cc8c83d58ea6cabb528a73d1a9bfae3c871bdd3478716d9552043b97108a797e,cc8c83d58ea6cabb528a73d1a9bfae3c871bdd3478716d9552043b97108a797e,byte_preserved
src/tianshou/tianshou/trainer/pfedmebase.py,src/tianshou/tianshou/trainer/pfedmebase.py,withheld,bc49ec8355814d9b850057590c4c29a80a52063c6f20f7a8ce065a0c176dbbf3,modified_for_release
src/tianshou/tianshou/trainer/push_avg_base.py,src/tianshou/tianshou/trainer/pushpullbase.py,withheld,9454629af5a3a5c5d76c34368e8df67bfdb7bca8a041bbd22ea9145e8854553f,renamed_for_bridge_release
src/tianshou/tianshou/trainer/utils.py,src/tianshou/tianshou/trainer/utils.py,94caae4a04a1a1fef9bc2298410157a6bebc31284d2bf65b079979604bf1fef1,94caae4a04a1a1fef9bc2298410157a6bebc31284d2bf65b079979604bf1fef1,byte_preserved
src/tianshou/tianshou/utils/__init__.py,src/tianshou/tianshou/utils/__init__.py,9cd6e2bbc413484ef3755085c13e703b3c121bdf1f2b2c156686eb58269a01ca,9cd6e2bbc413484ef3755085c13e703b3c121bdf1f2b2c156686eb58269a01ca,byte_preserved
src/tianshou/tianshou/utils/logger/__init__.py,src/tianshou/tianshou/utils/logger/__init__.py,e3b0c44298fc1c149afbf4c8996fb92427ae41e4649b934ca495991b7852b855,e3b0c44298fc1c149afbf4c8996fb92427ae41e4649b934ca495991b7852b855,byte_preserved
src/tianshou/tianshou/utils/logger/base.py,src/tianshou/tianshou/utils/logger/base.py,8e49cf392735810bb908516c5d1b7b5ff9664e5f6e87396392b772360a116eae,8e49cf392735810bb908516c5d1b7b5ff9664e5f6e87396392b772360a116eae,byte_preserved
src/tianshou/tianshou/utils/logger/tensorboard.py,src/tianshou/tianshou/utils/logger/tensorboard.py,67b080211767efa3e9f95a6fc6a64ed673c4e95658834f8fc50cda3b52b5f897,67b080211767efa3e9f95a6fc6a64ed673c4e95658834f8fc50cda3b52b5f897,byte_preserved
src/tianshou/tianshou/utils/logger/wandb.py,src/tianshou/tianshou/utils/logger/wandb.py,ba760cdd56ec5e06e867961e04744951945670df3d5a4bb7d3ad5be2742e868b,ba760cdd56ec5e06e867961e04744951945670df3d5a4bb7d3ad5be2742e868b,byte_preserved
src/tianshou/tianshou/utils/lr_scheduler.py,src/tianshou/tianshou/utils/lr_scheduler.py,96fcf4f0491ed67c5eec6c122b9120395e341d30494bda8e055ecd7b08fe2105,96fcf4f0491ed67c5eec6c122b9120395e341d30494bda8e055ecd7b08fe2105,byte_preserved
src/tianshou/tianshou/utils/net/__init__.py,src/tianshou/tianshou/utils/net/__init__.py,e3b0c44298fc1c149afbf4c8996fb92427ae41e4649b934ca495991b7852b855,e3b0c44298fc1c149afbf4c8996fb92427ae41e4649b934ca495991b7852b855,byte_preserved
src/tianshou/tianshou/utils/net/common.py,src/tianshou/tianshou/utils/net/common.py,6fefe7585eac810646f96fd512f4359a372f25a875086f6d19bf3d0cd3fa38d9,6fefe7585eac810646f96fd512f4359a372f25a875086f6d19bf3d0cd3fa38d9,byte_preserved
src/tianshou/tianshou/utils/net/continuous.py,src/tianshou/tianshou/utils/net/continuous.py,2cc9385ec0ccdd23bb51745bae1d4e088f2d9a2c1633d28ce745fabb8dcd9437,2cc9385ec0ccdd23bb51745bae1d4e088f2d9a2c1633d28ce745fabb8dcd9437,byte_preserved
src/tianshou/tianshou/utils/net/discrete.py,src/tianshou/tianshou/utils/net/discrete.py,7639f853542520c74a2cfa212cae0cea02f996d033fe3b93ecd223cca35987b2,7639f853542520c74a2cfa212cae0cea02f996d033fe3b93ecd223cca35987b2,byte_preserved
src/tianshou/tianshou/utils/progress_bar.py,src/tianshou/tianshou/utils/progress_bar.py,3ddb9eb38a83bc2106708a1f2d9835743433f23fb0d372be2bda6f89cf00a2b2,3ddb9eb38a83bc2106708a1f2d9835743433f23fb0d372be2bda6f89cf00a2b2,byte_preserved
src/tianshou/tianshou/utils/statistics.py,src/tianshou/tianshou/utils/statistics.py,2d8816e3ae428a8a006fac9e4296f8d164604d521ae430de178c53f326c434f3,2d8816e3ae428a8a006fac9e4296f8d164604d521ae430de178c53f326c434f3,byte_preserved
src/tianshou/tianshou/utils/warning.py,src/tianshou/tianshou/utils/warning.py,b7d462bdda3646cd369e1f24e50856ab5b353102e63f361b2d1e9e5b2e58c52b,b7d462bdda3646cd369e1f24e50856ab5b353102e63f361b2d1e9e5b2e58c52b,byte_preserved
